Story,Umbrella,Geographic area,Neighborhoods,Other topics,Umbrella,Geographic area,Neighborhoods,SocialBrief
https://www.publicsource.org/sewickley-black-history-preservation-book-film-fundraising/,Allegheny County,,Sewickley,,Allegheny County,Northwest suburbs,SEWICKLEY,ðŸ“£ Sewickley Black History Preservation Book Film Fundraising. This story spotlights Northwest suburbs communities like SEWICKLEY. Read more @PublicSource! #Pittsburgh
https://www.publicsource.org/biden-blocks-deal-to-sell-u-s-steel-saying-it-should-be-domestically-owned-and-operated/,Allegheny County,,"Braddock, Clairton",,Allegheny County,Mon Valley,"BRADDOCK, CLAIRTON","ðŸ“£ Biden Blocks Deal To Sell U S Steel Saying It Should Be Domestically Owned And Operated. This story spotlights Mon Valley communities like BRADDOCK, CLAIRTON. Read more @PublicSource! #Pittsburgh"
https://www.publicsource.org/us-steel-sale-block-nippon-pittsburgh-complicated-industrial-past-essay/,Allegheny County,,"Braddock, Clairton",,Allegheny County,Mon Valley,"BRADDOCK, CLAIRTON","ðŸ“£ Us Steel Sale Block Nippon Pittsburgh Complicated Industrial Past Essay. This story spotlights Mon Valley communities like BRADDOCK, CLAIRTON. Read more @PublicSource! #Pittsburgh"
https://www.publicsource.org/first-step-recovery-homes-mckeesport-addiction-center-new-facility-housing/,Allegheny County,,McKeesport,,Allegheny County,Mon Valley,MCKEESPORT,ðŸ“£ First Step Recovery Homes Mckeesport Addiction Center New Facility Housing. This story spotlights Mon Valley communities like MCKEESPORT. Read more @PublicSource! #Pittsburgh
https://www.publicsource.org/manchester-esplanade-development-pittsburgh-registered-community-organization-program/,Pittsburgh,North Side,"Manchester, Chateau",Esplanade,Pittsburgh,North Side,"MANCHESTER, CHATEAU","ðŸ“£ Manchester Esplanade Development Pittsburgh Registered Community Organization Program. This story spotlights North Side communities like MANCHESTER, CHATEAU. Read more @PublicSource! #Pittsburgh"
https://www.publicsource.org/manchester-pittsburgh-registered-community-organization-mcc-neighbors/,Pittsburgh,North Side,"Manchester, Chateau",Esplanade,Pittsburgh,North Side,"MANCHESTER, CHATEAU","ðŸ“£ Manchester Pittsburgh Registered Community Organization Mcc Neighbors. This story spotlights North Side communities like MANCHESTER, CHATEAU. Read more @PublicSource! #Pittsburgh"
https://www.publicsource.org/pittsburgh-registered-community-organization-program-development-divisive-system/,Pittsburgh,North Side,"Manchester, Chateau",Esplanade,Pittsburgh,North Side,"MANCHESTER, CHATEAU","ðŸ“£ Pittsburgh Registered Community Organization Program Development Divisive System. This story spotlights North Side communities like MANCHESTER, CHATEAU. Read more @PublicSource! #Pittsburgh"
https://www.publicsource.org/moving-dc-to-hometown-pittsburgh-low-cost-self-employed-essay/,"Pittsburgh, Allegheny County",,"Moon Township, Sewickley",,"Pittsburgh, Allegheny County",Northwest suburbs,"Moon Township, SEWICKLEY","ðŸ“£ Moving Dc To Hometown Pittsburgh Low Cost Self Employed Essay. This story spotlights Northwest suburbs communities like Moon Township, SEWICKLEY. Read more @PublicSource! #Pittsburgh"
https://www.publicsource.org/manchester-neighbors-rco-registered-community-organization-esplanade-development/,Pittsburgh,North Side,"Manchester, Chateau",Esplanade,Pittsburgh,North Side,"MANCHESTER, CHATEAU","ðŸ“£ Manchester Neighbors Rco Registered Community Organization Esplanade Development. This story spotlights North Side communities like MANCHESTER, CHATEAU. Read more @PublicSource! #Pittsburgh"
https://www.publicsource.org/trump-presidency-potential-changes-pittsburgh-immigration-abortion-environment-infrastructure/,"Pittsburgh, Allegheny County",,"Beechview, Coraopolis, Bethel Park, Squirrel Hill",,"Pittsburgh, Allegheny County","Ohio River Valley, South Hills, South Pittsburgh","BEECHVIEW, CORAOPOLIS, BETHEL PARK, Squirrel Hill","ðŸ“£ Trump Presidency Potential Changes Pittsburgh Immigration Abortion Environment Infrastructure. This story spotlights Ohio River Valley, South Hills, South Pittsburgh communities like BEECHVIEW, CORAOPOLIS, BETHEL PARK, Squirrel Hill. Read more @PublicSource! #Pittsburgh"
https://www.publicsource.org/pittsburgh-seniors-black-dementia-alzheimers-caregiver-respite/,Pittsburgh,,"Swissvale, Larimer",,Pittsburgh,"Mon Valley, Upper East End","SWISSVALE, LARIMER","ðŸ“£ Pittsburgh Seniors Black Dementia Alzheimers Caregiver Respite. This story spotlights Mon Valley, Upper East End communities like SWISSVALE, LARIMER. Read more @PublicSource! #Pittsburgh"
https://www.publicsource.org/pittsburgh-planning-commission-inclusionary-zoning-iz-charland-gainey-affordable-housing/,Pittsburgh,,"Polish Hill, Bloomfield, Lawrenceville, Oakland",,Pittsburgh,"Central Pittsburgh, Upper East End","POLISH HILL, BLOOMFIELD, Lawrenceville, Oakland","ðŸ“£ Pittsburgh Planning Commission Inclusionary Zoning Iz Charland Gainey Affordable Housing. This story spotlights Central Pittsburgh, Upper East End communities like POLISH HILL, BLOOMFIELD, Lawrenceville, Oakland. Read more @PublicSource! #Pittsburgh"
https://www.publicsource.org/allegheny-county-health-board-new-members-sara-innamorato-appointees/,Allegheny County,,"Homewood, Hill District, Hazelwood, Wilkinsburg, Penn Hills, Duquesne, Braddock, Clairton, McKeesport",,Allegheny County,"East suburbs, Lower East End, Mon Valley","Homewood, Hill District, HAZELWOOD, WILKINSBURG, PENN HILLS, DUQUESNE, BRADDOCK, CLAIRTON, MCKEESPORT","ðŸ“£ Allegheny County Health Board New Members Sara Innamorato Appointees. This story spotlights East suburbs, Lower East End, Mon Valley communities like Homewood, Hill District, HAZELWOOD, WILKINSBURG, PENN HILLS, DUQUESNE, BRADDOCK, CLAIRTON, MCKEESPORT. Read more @PublicSource! #Pittsburgh"
https://www.publicsource.org/smithfield-street-church-repairs-downtown-pittsburgh-revitalization-development/,Pittsburgh,,Downtown,,Pittsburgh,,Downtown,ðŸ“£ Smithfield Street Church Repairs Downtown Pittsburgh Revitalization Development. This story spotlights our region communities like Downtown. Read more @PublicSource! #Pittsburgh
https://www.publicsource.org/pittsburgh-most-wanted-graffiti-writer-max-gonzales-muralist-essay/,"Pittsburgh, Allegheny County","East End, North Side","Garfield, New Kensington, Bloomfield, Observatory Hill, Central Lawrenceville, Swissvale, Rankin, South Side",,"Pittsburgh, Allegheny County","Central Pittsburgh, Mon Valley, Upper East End","GARFIELD, New Kensington, BLOOMFIELD, Observatory Hill, CENTRAL LAWRENCEVILLE, SWISSVALE, RANKIN, South Side","ðŸ“£ Pittsburgh Most Wanted Graffiti Writer Max Gonzales Muralist Essay. This story spotlights Central Pittsburgh, Mon Valley, Upper East End communities like GARFIELD, New Kensington, BLOOMFIELD, Observatory Hill, CENTRAL LAWRENCEVILLE, SWISSVALE, RANKIN, South Side. Read more @PublicSource! #Pittsburgh"
https://www.publicsource.org/pittsburgh-parties-protest-donald-trump-inauguration-mlk-day/,"Pittsburgh, Allegheny County",,"Shaler, East Liberty, Oakland, Downtown, Swissvale",,"Pittsburgh, Allegheny County","Mon Valley, North Hills, Upper East End","SHALER, EAST LIBERTY, Oakland, Downtown, SWISSVALE","ðŸ“£ Pittsburgh Parties Protest Donald Trump Inauguration Mlk Day. This story spotlights Mon Valley, North Hills, Upper East End communities like SHALER, EAST LIBERTY, Oakland, Downtown, SWISSVALE. Read more @PublicSource! #Pittsburgh"
https://www.publicsource.org/downtown-pittsburgh-transformation-six-key-data-points/,Pittsburgh,,Downtown,,Pittsburgh,,Downtown,ðŸ“£ Downtown Pittsburgh Transformation Six Key Data Points. This story spotlights our region communities like Downtown. Read more @PublicSource! #Pittsburgh
https://www.publicsource.org/allegheny-county-jail-opioid-use-disorder-moud-program-evolution/,"Pittsburgh, Allegheny County",,"Downtown, North Side",,"Pittsburgh, Allegheny County",,"Downtown, North Side","ðŸ“£ Allegheny County Jail Opioid Use Disorder Moud Program Evolution. This story spotlights our region communities like Downtown, North Side. Read more @PublicSource! #Pittsburgh"
https://www.publicsource.org/inclusionary-zoning-pittsburgh-competing-proposals-gainey-charland-planning-commission/,Pittsburgh,,"Polish Hill, Bloomfield, Lawrenceville, Oakland",,Pittsburgh,"Central Pittsburgh, Upper East End","POLISH HILL, BLOOMFIELD, Lawrenceville, Oakland","ðŸ“£ Inclusionary Zoning Pittsburgh Competing Proposals Gainey Charland Planning Commission. This story spotlights Central Pittsburgh, Upper East End communities like POLISH HILL, BLOOMFIELD, Lawrenceville, Oakland. Read more @PublicSource! #Pittsburgh"
https://www.publicsource.org/pittsburgh-employment-felony-conviction-error-braddock-inclusion-project/,"Pittsburgh, Allegheny County",,Braddock,,"Pittsburgh, Allegheny County",Mon Valley,BRADDOCK,ðŸ“£ Pittsburgh Employment Felony Conviction Error Braddock Inclusion Project. This story spotlights Mon Valley communities like BRADDOCK. Read more @PublicSource! #Pittsburgh
https://www.publicsource.org/inclusionary-zoning-pittsburgh-competing-proposals-gainey-charland-planning-commission/,,,,,,,,ðŸ“£ Inclusionary Zoning Pittsburgh Competing Proposals Gainey Charland Planning Commission. This story spotlights our region communities like locals. Read more @PublicSource! #Pittsburgh
https://www.publicsource.org/trump-refugee-resettlement-policy-pittsburgh-immigration/,,,,,,,,ðŸ“£ Trump Refugee Resettlement Policy Pittsburgh Immigration. This story spotlights our region communities like locals. Read more @PublicSource! #Pittsburgh
https://www.publicsource.org/as-the-trump-administration-changes-america-we-want-to-know-how-its-affecting-pittsburghers/,,,,,,,,ðŸ“£ As The Trump Administration Changes America We Want To Know How Its Affecting Pittsburghers. This story spotlights our region communities like locals. Read more @PublicSource! #Pittsburgh
https://www.publicsource.org/pittsburgh-queer-history-landmark-preservation-review-commission-lgbtq-activists/,Pittsburgh,Central Pittsburgh,Polish Hill,,Pittsburgh,Central Pittsburgh,POLISH HILL,ðŸ“£ Pittsburgh Queer History Landmark Preservation Review Commission Lgbtq Activists. This story spotlights Central Pittsburgh communities like POLISH HILL. Read more @PublicSource! #Pittsburgh
https://www.publicsource.org/pittsburgh-international-students-college-university-donald-trump-executive-order-fears/,Pittsburgh,Lower East End,Oakland,,Pittsburgh,,Oakland,ðŸ“£ Pittsburgh International Students College University Donald Trump Executive Order Fears. This story spotlights our region communities like Oakland. Read more @PublicSource! #Pittsburgh
https://www.publicsource.org/inclusionary-zoning-pittsburgh-city-planning-commission-votes-council-mayor-gainey/,,,,,,,,ðŸ“£ Inclusionary Zoning Pittsburgh City Planning Commission Votes Council Mayor Gainey. This story spotlights our region communities like locals. Read more @PublicSource! #Pittsburgh
https://www.publicsource.org/federal-funding-grant-loan-pause-stop-trump-administration-pittsburgh-programs/,,,,,,,,ðŸ“£ Federal Funding Grant Loan Pause Stop Trump Administration Pittsburgh Programs. This story spotlights our region communities like locals. Read more @PublicSource! #Pittsburgh
https://www.publicsource.org/pennsylvania-doctors-health-care-providers-pittsburgh-pennsylvania-shapir/,,,,,,,,ðŸ“£ Pennsylvania Doctors Health Care Providers Pittsburgh Pennsylvania Shapir. This story spotlights our region communities like locals. Read more @PublicSource! #Pittsburgh
https://www.publicsource.org/allegheny-county-property-taxes-assessment-lawsuit-countywide-revamp/,,,,,,,,ðŸ“£ Allegheny County Property Taxes Assessment Lawsuit Countywide Revamp. This story spotlights our region communities like locals. Read more @PublicSource! #Pittsburgh
https://www.publicsource.org/garfield-community-garden-pittsburgh-relationships-countering-cynicism-essay/,,,,,,,,ðŸ“£ Garfield Community Garden Pittsburgh Relationships Countering Cynicism Essay. This story spotlights our region communities like locals. Read more @PublicSource! #Pittsburgh
https://www.publicsource.org/ed-gainey-corey-oconnor-campaign-fundraising-pittsburgh-mayor-race-2025/,,,,,,,,ðŸ“£ Ed Gainey Corey Oconnor Campaign Fundraising Pittsburgh Mayor Race 2025. This story spotlights our region communities like locals. Read more @PublicSource! #Pittsburgh
https://www.publicsource.org/pittsburgh-2050-comprehensive-plan-neighborhoods-input/,,,,,,,,ðŸ“£ Pittsburgh 2050 Comprehensive Plan Neighborhoods Input. This story spotlights our region communities like locals. Read more @PublicSource! #Pittsburgh
https://www.publicsource.org/pittsburgh-businesses-day-without-immigrants-protest-trump-deportation/,,,,,,,,ðŸ“£ Pittsburgh Businesses Day Without Immigrants Protest Trump Deportation. This story spotlights our region communities like locals. Read more @PublicSource! #Pittsburgh
https://www.publicsource.org/developmental-disability-diagnoses-pittsburgh-allegheny-county-economy-job-one/,,,,,,,,ðŸ“£ Developmental Disability Diagnoses Pittsburgh Allegheny County Economy Job One. This story spotlights our region communities like locals. Read more @PublicSource! #Pittsburgh
https://www.publicsource.org/pittsburgh-publicsource-interns-2025-steel-city-east-midwest/,,,,,,,,ðŸ“£ Pittsburgh Publicsource Interns 2025 Steel City East Midwest. This story spotlights our region communities like locals. Read more @PublicSource! #Pittsburgh
https://www.publicsource.org/pittsburgh-protest-against-donald-trump-elon-musk-john-fetterman/,,,,,,,,ðŸ“£ Pittsburgh Protest Against Donald Trump Elon Musk John Fetterman. This story spotlights our region communities like locals. Read more @PublicSource! #Pittsburgh
https://www.publicsource.org/pennsylvania-pjm-josh-shapiro-settlement-electricity-prices-green-energy-projects-grid/,,,,,,,,ðŸ“£ Pennsylvania Pjm Josh Shapiro Settlement Electricity Prices Green Energy Projects Grid. This story spotlights our region communities like locals. Read more @PublicSource! #Pittsburgh
https://www.publicsource.org/pittsburgh-city-of-asylum-writer-refugee-venezuela-giving-back/,,,,,,,,ðŸ“£ Pittsburgh City Of Asylum Writer Refugee Venezuela Giving Back. This story spotlights our region communities like locals. Read more @PublicSource! #Pittsburgh
https://www.publicsource.org/downtown-pittsburgh-homeless-encampments-replaced-boulders/,,,,,,,,ðŸ“£ Downtown Pittsburgh Homeless Encampments Replaced Boulders. This story spotlights our region communities like locals. Read more @PublicSource! #Pittsburgh
https://www.publicsource.org/pittsburgh-air-quality-asthma-attacks-key-takeaways/,,,,,,,,ðŸ“£ Pittsburgh Air Quality Asthma Attacks Key Takeaways. This story spotlights our region communities like locals. Read more @PublicSource! #Pittsburgh
https://www.publicsource.org/allegheny-county-asthma-attacks-er-visits-advocates-industry-air-health/,,,,,,,,ðŸ“£ Allegheny County Asthma Attacks Er Visits Advocates Industry Air Health. This story spotlights our region communities like locals. Read more @PublicSource! #Pittsburgh
https://www.publicsource.org/pittsburgh-allegheny-pennsylvania-homeless-housing-program-500-innamorato-gainey/,,,,,,,,ðŸ“£ Pittsburgh Allegheny Pennsylvania Homeless Housing Program 500 Innamorato Gainey. This story spotlights our region communities like locals. Read more @PublicSource! #Pittsburgh
https://www.publicsource.org/pennsylvania-nonprofit-reading-intervention-tutoring-dyslexia-proficiency/,,,,,,,,ðŸ“£ Pennsylvania Nonprofit Reading Intervention Tutoring Dyslexia Proficiency. This story spotlights our region communities like locals. Read more @PublicSource! #Pittsburgh
https://www.publicsource.org/medical-bill-invoice-errors-reimbursement-letters-ceos-pittsburgh/,,,,,,,,ðŸ“£ Medical Bill Invoice Errors Reimbursement Letters Ceos Pittsburgh. This story spotlights our region communities like locals. Read more @PublicSource! #Pittsburgh
https://www.publicsource.org/allegheny-county-property-tax-reassessment-lawsuit-decision-dismiss-pittsburgh-schools-pps/,,,,,,,,ðŸ“£ Allegheny County Property Tax Reassessment Lawsuit Decision Dismiss Pittsburgh Schools Pps. This story spotlights our region communities like locals. Read more @PublicSource! #Pittsburgh
https://www.publicsource.org/pittsburgh-work-labor-unions-nlrb-starbucks-post-gazette-strike-trump/,,,,,,,,ðŸ“£ Pittsburgh Work Labor Unions Nlrb Starbucks Post Gazette Strike Trump. This story spotlights our region communities like locals. Read more @PublicSource! #Pittsburgh
https://www.publicsource.org/pittsburgh-allegheny-approach-to-work-changed-pandemic-callout/,,,,,,,,ðŸ“£ Pittsburgh Allegheny Approach To Work Changed Pandemic Callout. This story spotlights our region communities like locals. Read more @PublicSource! #Pittsburgh
https://www.publicsource.org/pittsburgh-pennsylvania-labor-history-key-moments-nlrb-trump/,,,,,,,,ðŸ“£ Pittsburgh Pennsylvania Labor History Key Moments Nlrb Trump. This story spotlights our region communities like locals. Read more @PublicSource! #Pittsburgh
https://www.publicsource.org/nonprofits-pittsburgh-uncertainty-trump-orders-federal-funding/,,,,,,,,ðŸ“£ Nonprofits Pittsburgh Uncertainty Trump Orders Federal Funding. This story spotlights our region communities like locals. Read more @PublicSource! #Pittsburgh
https://www.publicsource.org/teacher-shortage-staffing-pittsburgh-emerging-educators-labor-work/,,,,,,,,ðŸ“£ Teacher Shortage Staffing Pittsburgh Emerging Educators Labor Work. This story spotlights our region communities like locals. Read more @PublicSource! #Pittsburgh
https://www.publicsource.org/pittsburgh-work-union-labor-workforce-healthcare-health-care-upmc-ahn-nurses/,,,,,,,,ðŸ“£ Pittsburgh Work Union Labor Workforce Healthcare Health Care Upmc Ahn Nurses. This story spotlights our region communities like locals. Read more @PublicSource! #Pittsburgh
https://www.publicsource.org/university-pittsburgh-internet-web-diversity-dei-removal-scrub-dear-colleague-letter-trump/,,,,,,,,ðŸ“£ University Pittsburgh Internet Web Diversity Dei Removal Scrub Dear Colleague Letter Trump. This story spotlights our region communities like locals. Read more @PublicSource! #Pittsburgh
https://www.publicsource.org/work-pittsburgh-labor-unions-diversity-dei-carpenters-construct-funeral-directors-jobs/,,,,,,,,ðŸ“£ Work Pittsburgh Labor Unions Diversity Dei Carpenters Construct Funeral Directors Jobs. This story spotlights our region communities like locals. Read more @PublicSource! #Pittsburgh
https://www.publicsource.org/pittsburgh-monvalley-settlement-funds-pollution-ussteel-clairton/,,,,,,,,ðŸ“£ Pittsburgh Monvalley Settlement Funds Pollution Ussteel Clairton. This story spotlights our region communities like locals. Read more @PublicSource! #Pittsburgh
https://www.publicsource.org/pittsburgh-green-energy-hub-workers-employment-labor-work/,,,,,,,,ðŸ“£ Pittsburgh Green Energy Hub Workers Employment Labor Work. This story spotlights our region communities like locals. Read more @PublicSource! #Pittsburgh
https://www.publicsource.org/refugee-resettlement-donald-trump-pittsburgh-pennsylvania-hello-neighbor-syria/,,,,,,,,ðŸ“£ Refugee Resettlement Donald Trump Pittsburgh Pennsylvania Hello Neighbor Syria. This story spotlights our region communities like locals. Read more @PublicSource! #Pittsburgh
https://www.publicsource.org/labor-government-pittsburgh-gainey-oconnor-trump-development-zoning-boards/,,,,,,,,ðŸ“£ Labor Government Pittsburgh Gainey Oconnor Trump Development Zoning Boards. This story spotlights our region communities like locals. Read more @PublicSource! #Pittsburgh
https://www.publicsource.org/pittsburgh-public-schools-facilities-plans-feasibility-report-closures/,,,,,,,,ðŸ“£ Pittsburgh Public Schools Facilities Plans Feasibility Report Closures. This story spotlights our region communities like locals. Read more @PublicSource! #Pittsburgh
https://www.publicsource.org/ai-labor-union-contracts-pittsburgh-work/,,,,,,,,ðŸ“£ Ai Labor Union Contracts Pittsburgh Work. This story spotlights our region communities like locals. Read more @PublicSource! #Pittsburgh
https://www.publicsource.org/research-funding-grant-nih-health-university-pittsburgh-pitt-trump/,,,,,,,,ðŸ“£ Research Funding Grant Nih Health University Pittsburgh Pitt Trump. This story spotlights our region communities like locals. Read more @PublicSource! #Pittsburgh
https://www.publicsource.org/pittsburgh-work-remote-hybrid-pandemic-covid-employment-audience-response-trump/,,,,,,,,ðŸ“£ Pittsburgh Work Remote Hybrid Pandemic Covid Employment Audience Response Trump. This story spotlights our region communities like locals. Read more @PublicSource! #Pittsburgh
https://www.publicsource.org/allegheny-county-child-care-children-department-pittsburgh-tuition-staff-innamorato/,,,,,,,,ðŸ“£ Allegheny County Child Care Children Department Pittsburgh Tuition Staff Innamorato. This story spotlights our region communities like locals. Read more @PublicSource! #Pittsburgh
https://www.publicsource.org/the-glimpse-pittsburghers-rally-for-ukraine-amid-trumps-criticism-of-zelenskyy/,,,,,,,,ðŸ“£ The Glimpse Pittsburghers Rally For Ukraine Amid Trumps Criticism Of Zelenskyy. This story spotlights our region communities like locals. Read more @PublicSource! #Pittsburgh
https://www.publicsource.org/pittsburgh-mayoral-primary-2025-candidate-highlights-achievements-endorsements-democrat-republican/,,,,,,,,ðŸ“£ Pittsburgh Mayoral Primary 2025 Candidate Highlights Achievements Endorsements Democrat Republican. This story spotlights our region communities like locals. Read more @PublicSource! #Pittsburgh
https://www.publicsource.org/pittsburgh-mayoral-primary-2025-candidate-highlights-achievements-endorsements-thomas-west/,,,,,,,,ðŸ“£ Pittsburgh Mayoral Primary 2025 Candidate Highlights Achievements Endorsements Thomas West. This story spotlights our region communities like locals. Read more @PublicSource! #Pittsburgh
https://www.publicsource.org/pittsburgh-mayoral-primary-2025-candidate-highlights-achievements-endorsements-tony-moreno/,,,,,,,,ðŸ“£ Pittsburgh Mayoral Primary 2025 Candidate Highlights Achievements Endorsements Tony Moreno. This story spotlights our region communities like locals. Read more @PublicSource! #Pittsburgh
https://www.publicsource.org/pittsburgh-mayoral-primary-2025-candidate-highlights-achievements-endorsements-corey-oconnor/,,,,,,,,ðŸ“£ Pittsburgh Mayoral Primary 2025 Candidate Highlights Achievements Endorsements Corey Oconnor. This story spotlights our region communities like locals. Read more @PublicSource! #Pittsburgh
https://www.publicsource.org/pittsburgh-mayoral-primary-2025-candidate-highlights-achievements-endorsements-ed-gainey/,,,,,,,,ðŸ“£ Pittsburgh Mayoral Primary 2025 Candidate Highlights Achievements Endorsements Ed Gainey. This story spotlights our region communities like locals. Read more @PublicSource! #Pittsburgh
https://www.publicsource.org/reuben-brock-essay-autism-psychologist-professor-penn-west/,,,,,,,,ðŸ“£ Reuben Brock Essay Autism Psychologist Professor Penn West. This story spotlights our region communities like locals. Read more @PublicSource! #Pittsburgh
https://www.publicsource.org/bukit-bail-fund-allegheny-county-jail-frank-smart-corrections-pittsburgh/,,,,,,,,ðŸ“£ Bukit Bail Fund Allegheny County Jail Frank Smart Corrections Pittsburgh. This story spotlights our region communities like locals. Read more @PublicSource! #Pittsburgh
https://www.publicsource.org/design-pittsburgh-future-architects-trust/,,,,,,,,ðŸ“£ Design Pittsburgh Future Architects Trust. This story spotlights our region communities like locals. Read more @PublicSource! #Pittsburgh
https://www.publicsource.org/publicsource-internships-100-journalists-pittsburgh/,,,,,,,,ðŸ“£ Publicsource Internships 100 Journalists Pittsburgh. This story spotlights our region communities like locals. Read more @PublicSource! #Pittsburgh
https://www.publicsource.org/high-school-transition-disability-iep-down-syndrome-employment-pennsylvania-job-one/,,,,,,,,ðŸ“£ High School Transition Disability Iep Down Syndrome Employment Pennsylvania Job One. This story spotlights our region communities like locals. Read more @PublicSource! #Pittsburgh
https://www.publicsource.org/timeline-astrobotics-cmu-nasa-moon-lunar-mission-griffin/,,,,,,,,ðŸ“£ Timeline Astrobotics Cmu Nasa Moon Lunar Mission Griffin. This story spotlights our region communities like locals. Read more @PublicSource! #Pittsburgh
https://www.publicsource.org/pittsburgh-allegheny-county-election-2025-gainey-oconnor-candidate-list/,,,,,,,,ðŸ“£ Pittsburgh Allegheny County Election 2025 Gainey Oconnor Candidate List. This story spotlights our region communities like locals. Read more @PublicSource! #Pittsburgh
https://www.publicsource.org/pittsburgh-mayor-gainey-upmc-negotiation-deal-nonprofit-contributions-allegheny-county/,,,,,,,,ðŸ“£ Pittsburgh Mayor Gainey Upmc Negotiation Deal Nonprofit Contributions Allegheny County. This story spotlights our region communities like locals. Read more @PublicSource! #Pittsburgh
https://www.publicsource.org/climate-resilient-urban-planning-pittsburgh-duluth/,,,,,,,,ðŸ“£ Climate Resilient Urban Planning Pittsburgh Duluth. This story spotlights our region communities like locals. Read more @PublicSource! #Pittsburgh
https://www.publicsource.org/trump-administration-higher-education-funding-orders-university-pittsburgh-pitt-cmu-timeline/,,,,,,,,ðŸ“£ Trump Administration Higher Education Funding Orders University Pittsburgh Pitt Cmu Timeline. This story spotlights our region communities like locals. Read more @PublicSource! #Pittsburgh
https://www.publicsource.org/opioid-orphans-grandparents-struggle-to-raise-children-left-behind/,,,,,,,,ðŸ“£ Opioid Orphans Grandparents Struggle To Raise Children Left Behind. This story spotlights our region communities like locals. Read more @PublicSource! #Pittsburgh
https://www.publicsource.org/prt-pittsburgh-regional-transit-bus-service-cuts-fare-hikes-budget/,"Pittsburgh, Allegheny County, Beaver County, Westmoreland County",,"Troy Hill, Spring Garden, East Allegheny, Marshall-Shadeland, Brighton Heights, Bellevue, Avalon, Ben Avon, Manchester, Allegheny West, , Emsworth, Sheraden, Kennedy Township, McKees Rocks, Elliott, Crafton, Ingram, Westwood, Robinson Township, Carnegie, Banksville, Dormont, Mt. Lebanon, Green Tree, Brookline, Beechview, Mount Washington, Duquesne Heights, Scott Township, Bridgeville, , Allentown,  Carrick, Overbrook, West Mifflin, Munhall, West Homestead, Homestead, Greenfield, Squirrel Hill South, Squirrel Hill, Shaler, Etna",,"Pittsburgh, Allegheny County, Beaver County, Westmoreland County","Lower East End, Mon Valley, North Hills, North Side, Northwest suburbs, Ohio River Valley, South Hills, South Pittsburgh, West End, West suburbs","TROY HILL, SPRING GARDEN, East Allegheny, Marshall-Shadeland, BRIGHTON HEIGHTS, BELLEVUE, AVALON, BEN AVON, MANCHESTER, ALLEGHENY WEST, EMSWORTH, SHERADEN, Kennedy Township, MCKEES ROCKS, ELLIOTT, CRAFTON, INGRAM, WESTWOOD, Robinson Township, CARNEGIE, BANKSVILLE, DORMONT, Mt. Lebanon, GREEN TREE, BROOKLINE, BEECHVIEW, MOUNT WASHINGTON, DUQUESNE HEIGHTS, Scott Township, BRIDGEVILLE, ALLENTOWN, CARRICK, OVERBROOK, WEST MIFFLIN, MUNHALL, WEST HOMESTEAD, HOMESTEAD, GREENFIELD, SQUIRREL HILL SOUTH, Squirrel Hill, SHALER, ETNA","ðŸ“£ Prt Pittsburgh Regional Transit Bus Service Cuts Fare Hikes Budget. This story spotlights Lower East End, Mon Valley, North Hills, North Side, Northwest suburbs, Ohio River Valley, South Hills, South Pittsburgh, West End, West suburbs communities like TROY HILL, SPRING GARDEN, East Allegheny, Marshall-Shadeland, BRIGHTON HEIGHTS, BELLEVUE, AVALON, BEN AVON, MANCHESTER, ALLEGHENY WEST, EMSWORTH, SHERADEN, Kennedy Township, MCKEES ROCKS, ELLIOTT, CRAFTON, INGRAM, WESTWOOD, Robinson Township, CARNEGIE, BANKSVILLE, DORMONT, Mt. Lebanon, GREEN TREE, BROOKLINE, BEECHVIEW, MOUNT WASHINGTON, DUQUESNE HEIGHTS, Scott Township, BRIDGEVILLE, ALLENTOWN, CARRICK, OVERBROOK, WEST MIFFLIN, MUNHALL, WEST HOMESTEAD, HOMESTEAD, GREENFIELD, SQUIRREL HILL SOUTH, Squirrel Hill, SHALER, ETNA. Read more @PublicSource! #Pittsburgh"
https://www.publicsource.org/conservatorship-case-north-side-east-hills-pittsburgh-rising-tide-partners-superior-court/,Pittsburgh,"North Side, Upper East End","East Hills, Central Northside, Mexican War Streets",,Pittsburgh,Upper East End,"EAST HILLS, Central Northside, Mexican War Streets","ðŸ“£ Conservatorship Case North Side East Hills Pittsburgh Rising Tide Partners Superior Court. This story spotlights Upper East End communities like EAST HILLS, Central Northside, Mexican War Streets. Read more @PublicSource! #Pittsburgh"
https://www.publicsource.org/pittsburgh-neighborhoods-youtube-videos-portland-oregon/,Pittsburgh,"North Side, North Hills, South Hills","Dormont, Manchester, Sharpsburg",,Pittsburgh,"North Hills, North Side, South Hills","DORMONT, MANCHESTER, SHARPSBURG","ðŸ“£ Pittsburgh Neighborhoods Youtube Videos Portland Oregon. This story spotlights North Hills, North Side, South Hills communities like DORMONT, MANCHESTER, SHARPSBURG. Read more @PublicSource! #Pittsburgh"
https://www.publicsource.org/prt-pittsburgh-regional-transit-bus-route-cuts-funding-state-budget/,"Pittsburgh, Allegheny County, Beaver County, Westmoreland County",North Side,"Troy Hill, Spring Garden, East Allegheny, Marshall-Shadeland, Brighton Heights, Bellevue, Avalon, Ben Avon, Manchester, Allegheny West, , Emsworth, Sheraden, Kennedy Township, McKees Rocks, Elliott, Crafton, Ingram, Westwood, Robinson Township, Carnegie, Banksville, Dormont, Mt. Lebanon, Green Tree, Brookline, Beechview, Mount Washington, Duquesne Heights, Scott Township, Bridgeville, , Allentown,  Carrick, Overbrook, West Mifflin, Munhall, West Homestead, Homestead, Greenfield, Squirrel Hill South, Squirrel Hill, Shaler, Etna",,"Pittsburgh, Allegheny County, Beaver County, Westmoreland County","Lower East End, Mon Valley, North Hills, North Side, Northwest suburbs, Ohio River Valley, South Hills, South Pittsburgh, West End, West suburbs","TROY HILL, SPRING GARDEN, East Allegheny, Marshall-Shadeland, BRIGHTON HEIGHTS, BELLEVUE, AVALON, BEN AVON, MANCHESTER, ALLEGHENY WEST, EMSWORTH, SHERADEN, Kennedy Township, MCKEES ROCKS, ELLIOTT, CRAFTON, INGRAM, WESTWOOD, Robinson Township, CARNEGIE, BANKSVILLE, DORMONT, Mt. Lebanon, GREEN TREE, BROOKLINE, BEECHVIEW, MOUNT WASHINGTON, DUQUESNE HEIGHTS, Scott Township, BRIDGEVILLE, ALLENTOWN, CARRICK, OVERBROOK, WEST MIFFLIN, MUNHALL, WEST HOMESTEAD, HOMESTEAD, GREENFIELD, SQUIRREL HILL SOUTH, Squirrel Hill, SHALER, ETNA","ðŸ“£ Prt Pittsburgh Regional Transit Bus Route Cuts Funding State Budget. This story spotlights Lower East End, Mon Valley, North Hills, North Side, Northwest suburbs, Ohio River Valley, South Hills, South Pittsburgh, West End, West suburbs communities like TROY HILL, SPRING GARDEN, East Allegheny, Marshall-Shadeland, BRIGHTON HEIGHTS, BELLEVUE, AVALON, BEN AVON, MANCHESTER, ALLEGHENY WEST, EMSWORTH, SHERADEN, Kennedy Township, MCKEES ROCKS, ELLIOTT, CRAFTON, INGRAM, WESTWOOD, Robinson Township, CARNEGIE, BANKSVILLE, DORMONT, Mt. Lebanon, GREEN TREE, BROOKLINE, BEECHVIEW, MOUNT WASHINGTON, DUQUESNE HEIGHTS, Scott Township, BRIDGEVILLE, ALLENTOWN, CARRICK, OVERBROOK, WEST MIFFLIN, MUNHALL, WEST HOMESTEAD, HOMESTEAD, GREENFIELD, SQUIRREL HILL SOUTH, Squirrel Hill, SHALER, ETNA. Read more @PublicSource! #Pittsburgh"
https://www.publicsource.org/summer-lee-pittsburgh-town-hall-meeting-democrats-donald-trump-elon-musk/,"Pittsburgh, Allegheny County, Beaver County, Westmoreland County","Hill District, Mon Valley",Swissvale,,"Pittsburgh, Allegheny County, Beaver County, Westmoreland County",Mon Valley,SWISSVALE,ðŸ“£ Summer Lee Pittsburgh Town Hall Meeting Democrats Donald Trump Elon Musk. This story spotlights Mon Valley communities like SWISSVALE. Read more @PublicSource! #Pittsburgh
